Region,Month,SalesTarget
Abuja,2025-01,6800000
Abuja,2025-02,13000000
Abuja,2025-03,22900000
Abuja,2025-04,19200000
Abuja,2025-05,5800000
Abuja,2025-06,11300000
Abuja,2025-07,7900000
Abuja,2025-08,12400000
Abuja,2025-09,19100000
Abuja,2025-10,21100000
Abuja,2025-11,10900000
Abuja,2025-12,25700000
Enugu,2025-01,4000000
Enugu,2025-02,3700000
Enugu,2025-03,18300000
Enugu,2025-04,2100000
Enugu,2025-05,7300000
Enugu,2025-06,7500000
Enugu,2025-07,4500000
Enugu,2025-08,4100000
Enugu,2025-09,5300000
Enugu,2025-10,6500000
Enugu,2025-11,5100000
Enugu,2025-12,10400000
Ibadan,2025-01,8500000
Ibadan,2025-02,2900000
Ibadan,2025-03,10600000
Ibadan,2025-04,5200000
Ibadan,2025-05,4500000
Ibadan,2025-06,4500000
Ibadan,2025-07,2400000
Ibadan,2025-08,5000000
Ibadan,2025-09,17900000
Ibadan,2025-10,8900000
Ibadan,2025-11,7200000
Ibadan,2025-12,6200000
Kano,2025-01,3100000
Kano,2025-02,7700000
Kano,2025-03,3800000
Kano,2025-04,11100000
Kano,2025-05,8600000
Kano,2025-06,8300000
Kano,2025-07,3400000
Kano,2025-08,4700000
Kano,2025-09,4500000
Kano,2025-10,10000000
Kano,2025-11,19200000
Kano,2025-12,10000000
Lagos,2025-01,15600000
Lagos,2025-02,15500000
Lagos,2025-03,16500000
Lagos,2025-04,31300000
Lagos,2025-05,13100000
Lagos,2025-06,14000000
Lagos,2025-07,36900000
Lagos,2025-08,34500000
Lagos,2025-09,24500000
Lagos,2025-10,34200000
Lagos,2025-11,31200000
Lagos,2025-12,56200000
Port Harcourt,2025-01,5800000
Port Harcourt,2025-02,3300000
Port Harcourt,2025-03,14000000
Port Harcourt,2025-04,4700000
Port Harcourt,2025-05,2500000
Port Harcourt,2025-06,6200000
Port Harcourt,2025-07,9700000
Port Harcourt,2025-08,11700000
Port Harcourt,2025-09,4900000
Port Harcourt,2025-10,5800000
Port Harcourt,2025-11,11300000
Port Harcourt,2025-12,8400000
