EmployeeID,Date,ClockIn,ClockOut
E001,2025-03-03,08:07,18:31
E001,2025-03-05,08:45,17:18
E001,2025-03-06,08:23,18:10
E001,2025-03-07,08:08,16:27
E001,2025-03-10,07:40,16:13
E001,2025-03-11,08:32,16:05
E001,2025-03-12,08:10,18:16
E001,2025-03-13,08:12,15:45
E001,2025-03-14,08:05,16:24
E001,2025-03-17,08:36,17:32
E001,2025-03-18,08:28,15:59
E001,2025-03-19,08:20,17:02
E001,2025-03-20,07:48,16:15
E001,2025-03-21,07:32,17:31
E001,2025-03-24,07:54,17:18
E001,2025-03-26,08:04,16:34
E001,2025-03-27,08:17,17:58
E001,2025-03-28,08:16,16:04
E001,2025-03-31,07:52,18:13
E002,2025-03-03,08:00,15:31
E002,2025-03-04,07:33,16:32
E002,2025-03-05,08:22,17:52
E002,2025-03-06,08:30,18:03
E002,2025-03-07,08:14,15:40
E002,2025-03-10,08:07,18:31
E002,2025-03-11,08:23,17:35
E002,2025-03-12,08:27,17:32
E002,2025-03-13,07:49,18:07
E002,2025-03-14,07:51,15:35
E002,2025-03-17,08:45,16:21
E002,2025-03-18,08:28,16:20
E002,2025-03-19,08:32,17:24
E002,2025-03-20,07:40,15:47
E002,2025-03-21,08:20,16:47
E002,2025-03-24,07:43,16:24
E002,2025-03-25,08:22,18:23
E002,2025-03-26,08:35,17:02
E002,2025-03-27,07:59,17:41
E002,2025-03-28,08:30,18:57
E002,2025-03-31,07:40,18:09
E003,2025-03-03,08:06,17:08
E003,2025-03-04,08:19,18:13
E003,2025-03-06,08:34,17:58
E003,2025-03-07,07:49,15:24
E003,2025-03-10,08:01,15:34
E003,2025-03-11,07:31,15:46
E003,2025-03-12,08:21,17:38
E003,2025-03-13,08:02,15:34
E003,2025-03-14,08:13,18:29
E003,2025-03-17,07:48,17:53
E003,2025-03-18,07:45,16:43
E003,2025-03-19,08:19,17:30
E003,2025-03-20,08:41,18:36
E003,2025-03-21,07:32,15:22
E003,2025-03-24,08:44,18:35
E003,2025-03-25,08:34,18:56
E003,2025-03-26,07:39,17:54
E003,2025-03-27,07:37,15:19
E003,2025-03-28,08:44,17:10
E003,2025-03-31,07:50,15:35
E004,2025-03-04,07:37,16:11
E004,2025-03-05,08:39,16:15
E004,2025-03-06,07:54,17:42
E004,2025-03-07,08:31,18:11
E004,2025-03-10,07:31,16:01
E004,2025-03-11,07:44,16:18
E004,2025-03-12,08:02,16:09
E004,2025-03-13,08:26,16:22
E004,2025-03-14,07:58,16:56
E004,2025-03-17,07:46,18:06
E004,2025-03-18,07:35,15:23
E004,2025-03-19,08:25,18:08
E004,2025-03-20,08:16,16:23
E004,2025-03-21,07:45,15:48
E004,2025-03-24,08:39,18:54
E004,2025-03-25,08:37,16:05
E004,2025-03-26,08:00,15:23
E004,2025-03-27,07:43,16:04
E004,2025-03-28,08:32,17:28
E004,2025-03-31,08:31,18:54
E005,2025-03-03,08:17,18:25
E005,2025-03-04,08:44,19:04
E005,2025-03-05,08:04,15:27
E005,2025-03-06,07:30,16:18
E005,2025-03-07,07:40,15:01
E005,2025-03-10,07:44,17:44
E005,2025-03-11,07:57,16:29
E005,2025-03-12,08:08,16:48
E005,2025-03-13,07:34,16:51
E005,2025-03-14,08:12,17:52
E005,2025-03-17,08:10,16:56
E005,2025-03-19,08:13,16:15
E005,2025-03-21,08:33,18:46
E005,2025-03-24,07:43,18:02
E005,2025-03-25,08:20,17:00
E005,2025-03-26,08:11,16:37
E005,2025-03-27,08:12,17:44
E005,2025-03-28,08:35,17:04
E005,2025-03-31,07:41,15:23
E006,2025-03-03,08:26,18:11
E006,2025-03-04,07:40,16:27
E006,2025-03-05,08:18,16:03
E006,2025-03-06,07:43,16:59
E006,2025-03-07,08:40,17:05
E006,2025-03-10,07:40,17:10
E006,2025-03-11,08:27,17:08
E006,2025-03-12,07:34,16:04
E006,2025-03-13,08:18,17:04
E006,2025-03-14,08:22,16:43
E006,2025-03-17,08:23,17:43
E006,2025-03-18,07:37,15:44
E006,2025-03-19,07:38,17:48
E006,2025-03-20,07:46,17:17
E006,2025-03-21,08:30,17:00
E006,2025-03-25,07:43,16:48
E006,2025-03-26,08:26,17:53
E006,2025-03-27,07:57,15:43
E006,2025-03-28,08:13,15:41
E006,2025-03-31,08:05,17:58
E007,2025-03-03,08:02,17:58
E007,2025-03-04,08:01,17:20
E007,2025-03-05,07:46,16:39
E007,2025-03-06,07:57,17:59
E007,2025-03-07,08:19,15:57
E007,2025-03-10,08:45,18:43
E007,2025-03-11,08:14,17:54
E007,2025-03-12,07:58,17:44
E007,2025-03-13,08:30,16:02
E007,2025-03-14,07:52,16:51
E007,2025-03-17,08:24,17:49
E007,2025-03-18,07:56,16:10
E007,2025-03-19,08:35,15:55
E007,2025-03-20,08:26,18:18
E007,2025-03-21,08:28,16:11
E007,2025-03-24,07:59,15:20
E007,2025-03-25,07:45,16:35
E007,2025-03-26,08:37,18:07
E007,2025-03-27,08:21,17:53
E007,2025-03-28,07:43,17:11
E007,2025-03-31,08:07,17:36
E008,2025-03-03,07:52,16:29
E008,2025-03-04,08:00,16:17
E008,2025-03-05,08:06,16:25
E008,2025-03-06,07:34,15:36
E008,2025-03-07,08:27,17:43
E008,2025-03-10,08:14,17:10
E008,2025-03-11,08:20,15:51
E008,2025-03-12,08:18,16:37
E008,2025-03-13,07:39,16:19
E008,2025-03-14,07:40,16:25
E008,2025-03-17,08:38,16:58
E008,2025-03-18,07:37,17:13
E008,2025-03-19,08:24,17:23
E008,2025-03-20,07:59,17:13
E008,2025-03-21,08:07,18:17
E008,2025-03-24,08:27,18:14
E008,2025-03-25,08:01,16:43
E008,2025-03-26,08:19,16:42
E008,2025-03-27,08:07,17:04
E008,2025-03-28,08:28,15:56
E008,2025-03-31,07:41,15:59
E009,2025-03-03,08:26,16:17
E009,2025-03-04,08:13,16:28
E009,2025-03-05,07:38,15:33
E009,2025-03-06,07:59,16:50
E009,2025-03-07,07:30,15:54
E009,2025-03-10,08:03,18:33
E009,2025-03-11,07:30,17:34
E009,2025-03-12,08:38,17:11
E009,2025-03-13,08:33,16:41
E009,2025-03-14,07:38,17:41
E009,2025-03-17,08:22,16:49
E009,2025-03-18,07:51,17:58
E009,2025-03-19,08:43,16:57
E009,2025-03-20,08:04,15:29
E009,2025-03-21,07:30,16:27
E009,2025-03-24,08:34,19:03
E009,2025-03-25,08:07,16:55
E009,2025-03-27,08:35,19:03
E009,2025-03-28,08:27,18:00
E009,2025-03-31,08:39,16:55
E010,2025-03-03,08:06,18:29
E010,2025-03-04,07:34,16:05
E010,2025-03-05,08:30,17:56
E010,2025-03-06,08:34,17:58
E010,2025-03-07,08:13,16:11
E010,2025-03-10,08:45,18:58
E010,2025-03-11,07:39,17:33
E010,2025-03-12,08:36,17:11
E010,2025-03-13,08:38,18:18
E010,2025-03-14,08:26,18:17
E010,2025-03-17,08:25,18:37
E010,2025-03-18,08:19,15:50
E010,2025-03-19,07:42,16:05
E010,2025-03-20,08:38,18:45
E010,2025-03-24,08:06,18:29
E010,2025-03-25,07:32,15:16
E010,2025-03-26,08:44,19:02
E010,2025-03-27,08:20,16:02
E010,2025-03-28,08:35,18:36
E010,2025-03-31,07:49,17:29
E011,2025-03-03,08:45,16:40
E011,2025-03-04,08:32,17:35
E011,2025-03-05,08:28,18:06
E011,2025-03-06,08:39,17:38
E011,2025-03-07,07:30,16:25
E011,2025-03-10,08:31,18:08
E011,2025-03-11,07:30,17:43
E011,2025-03-12,08:01,15:44
E011,2025-03-13,07:32,16:22
E011,2025-03-14,08:22,18:13
E011,2025-03-17,07:49,17:05
E011,2025-03-18,08:12,18:19
E011,2025-03-19,08:36,17:55
E011,2025-03-20,08:02,16:54
E011,2025-03-21,08:42,16:21
E011,2025-03-24,07:57,17:14
E011,2025-03-25,07:30,15:44
E011,2025-03-26,08:39,16:45
E011,2025-03-27,08:39,16:00
E011,2025-03-28,08:17,16:28
E011,2025-03-31,08:03,17:41
E012,2025-03-03,07:47,16:01
E012,2025-03-04,07:36,15:54
E012,2025-03-05,08:44,18:06
E012,2025-03-06,07:50,15:18
E012,2025-03-07,08:19,17:07
E012,2025-03-10,07:31,17:24
E012,2025-03-11,07:52,15:21
E012,2025-03-13,08:00,17:46
E012,2025-03-14,07:49,17:27
E012,2025-03-17,08:30,18:11
E012,2025-03-18,08:43,16:30
E012,2025-03-19,08:40,16:06
E012,2025-03-20,08:20,18:26
E012,2025-03-21,07:47,17:22
E012,2025-03-24,08:37,17:56
E012,2025-03-25,08:37,17:55
E012,2025-03-26,08:44,19:09
E012,2025-03-27,08:20,17:51
E012,2025-03-28,07:53,17:44
E012,2025-03-31,08:41,17:08
E013,2025-03-03,08:40,16:04
E013,2025-03-04,07:59,16:29
E013,2025-03-05,07:59,18:19
E013,2025-03-06,08:23,15:59
E013,2025-03-07,08:07,18:22
E013,2025-03-10,08:38,16:08
E013,2025-03-11,08:03,17:05
E013,2025-03-12,08:15,15:39
E013,2025-03-13,08:14,16:26
E013,2025-03-14,08:28,16:42
E013,2025-03-17,08:45,16:55
E013,2025-03-18,08:40,16:35
E013,2025-03-20,07:32,17:26
E013,2025-03-21,07:57,17:21
E013,2025-03-24,08:43,16:10
E013,2025-03-25,07:43,17:38
E013,2025-03-26,07:55,16:46
E013,2025-03-27,07:51,16:07
E013,2025-03-28,08:10,16:03
E013,2025-03-31,07:32,15:00
E014,2025-03-03,08:14,18:42
E014,2025-03-04,07:34,16:30
E014,2025-03-05,08:08,17:00
E014,2025-03-06,07:40,15:22
E014,2025-03-07,07:56,16:44
E014,2025-03-10,08:05,18:22
E014,2025-03-11,08:39,18:46
E014,2025-03-12,07:44,15:12
E014,2025-03-13,08:29,18:00
E014,2025-03-14,07:45,16:01
E014,2025-03-17,08:21,16:11
E014,2025-03-18,07:57,15:33
E014,2025-03-19,07:49,16:32
E014,2025-03-20,07:33,17:09
E014,2025-03-21,08:16,15:47
E014,2025-03-24,07:36,16:40
E014,2025-03-25,08:00,17:36
E014,2025-03-26,08:26,17:22
E014,2025-03-27,08:00,15:43
E014,2025-03-28,07:34,16:02
E014,2025-03-31,08:42,17:50
E015,2025-03-03,08:05,18:25
E015,2025-03-04,07:57,16:33
E015,2025-03-05,08:12,17:18
E015,2025-03-06,07:42,15:02
E015,2025-03-10,08:19,16:44
E015,2025-03-11,07:58,17:40
E015,2025-03-12,07:43,16:52
E015,2025-03-14,08:39,16:54
E015,2025-03-17,08:04,16:38
E015,2025-03-19,07:37,15:47
E015,2025-03-20,08:30,16:04
E015,2025-03-21,08:33,18:45
E015,2025-03-24,08:39,17:10
E015,2025-03-25,08:32,17:23
E015,2025-03-26,07:59,15:41
E015,2025-03-27,07:31,16:25
E015,2025-03-31,08:15,18:23
E016,2025-03-03,08:14,17:38
E016,2025-03-04,08:00,17:57
E016,2025-03-05,08:33,17:58
E016,2025-03-06,08:26,17:02
E016,2025-03-07,08:45,16:27
E016,2025-03-11,08:23,16:24
E016,2025-03-12,08:04,15:45
E016,2025-03-13,08:26,17:14
E016,2025-03-17,07:44,15:33
E016,2025-03-18,08:17,16:33
E016,2025-03-19,08:17,15:42
E016,2025-03-20,07:58,15:56
E016,2025-03-21,07:49,15:20
E016,2025-03-24,07:40,16:54
E016,2025-03-25,07:48,15:27
E016,2025-03-26,08:18,18:33
E016,2025-03-27,08:09,17:10
E016,2025-03-28,08:31,18:12
E016,2025-03-31,08:17,18:31
E017,2025-03-03,08:04,15:54
E017,2025-03-04,08:26,16:34
E017,2025-03-05,07:46,15:16
E017,2025-03-06,08:25,18:33
E017,2025-03-07,08:38,18:29
E017,2025-03-10,08:09,15:40
E017,2025-03-12,08:03,15:47
E017,2025-03-13,08:19,17:49
E017,2025-03-14,08:32,16:07
E017,2025-03-17,07:36,14:57
E017,2025-03-18,07:38,17:11
E017,2025-03-19,07:47,15:51
E017,2025-03-20,07:53,17:47
E017,2025-03-21,07:31,16:15
E017,2025-03-24,08:03,16:16
E017,2025-03-26,07:50,16:01
E017,2025-03-27,08:37,16:52
E017,2025-03-28,07:40,15:52
E017,2025-03-31,07:34,16:55
E018,2025-03-03,07:39,17:19
E018,2025-03-04,08:15,16:40
E018,2025-03-05,08:27,18:03
E018,2025-03-06,07:30,16:08
E018,2025-03-07,08:27,17:57
E018,2025-03-10,08:26,17:41
E018,2025-03-11,08:11,18:21
E018,2025-03-12,07:35,16:07
E018,2025-03-13,07:43,15:07
E018,2025-03-14,08:39,16:12
E018,2025-03-17,08:40,18:01
E018,2025-03-18,08:04,17:09
E018,2025-03-19,08:14,17:40
E018,2025-03-20,08:03,16:46
E018,2025-03-21,07:41,17:35
E018,2025-03-24,08:34,16:39
E018,2025-03-25,08:18,16:16
E018,2025-03-26,07:44,15:32
E018,2025-03-27,07:41,17:48
E018,2025-03-28,07:31,17:16
E019,2025-03-03,07:54,16:50
E019,2025-03-04,08:30,16:55
E019,2025-03-05,08:23,18:48
E019,2025-03-06,07:40,17:58
E019,2025-03-07,08:15,17:39
E019,2025-03-10,07:52,17:42
E019,2025-03-11,08:32,16:34
E019,2025-03-12,08:37,17:27
E019,2025-03-13,07:55,17:28
E019,2025-03-14,08:25,16:03
E019,2025-03-17,08:03,17:43
E019,2025-03-18,08:20,18:16
E019,2025-03-19,07:36,16:52
E019,2025-03-20,07:41,17:08
E019,2025-03-21,08:09,16:45
E019,2025-03-24,08:38,17:23
E019,2025-03-25,08:17,15:48
E019,2025-03-26,08:30,17:31
E019,2025-03-27,08:25,18:13
E019,2025-03-28,08:04,15:43
E019,2025-03-31,07:56,17:03
E020,2025-03-03,08:38,19:03
E020,2025-03-04,08:05,16:34
E020,2025-03-05,08:01,17:19
E020,2025-03-06,08:20,18:23
E020,2025-03-07,07:35,16:56
E020,2025-03-10,08:18,17:23
E020,2025-03-11,07:52,17:54
E020,2025-03-12,08:21,18:01
E020,2025-03-13,07:49,17:58
E020,2025-03-14,08:33,16:26
E020,2025-03-17,08:15,18:06
E020,2025-03-18,08:36,18:28
E020,2025-03-19,08:12,16:50
E020,2025-03-20,08:30,16:17
E020,2025-03-21,08:18,15:48
E020,2025-03-24,08:32,15:53
E020,2025-03-25,08:22,16:32
E020,2025-03-26,08:28,15:48
E020,2025-03-27,08:39,18:28
E020,2025-03-28,07:52,16:54
E020,2025-03-31,08:25,17:24
